{"branches": 0.3076923076923077, "coverage": 3.2379518072289155}